<package-database xmlns:cts="http://marklogic.com/cts" xmlns="http://marklogic.com/manage/package/databases">
  <metadata xmlns:db="http://marklogic.com/manage/package/databases">
    <package-version>2.0</package-version>
    <user>admin</user>
    <group>Default</group>
    <host>macpro-1845.local</host>
    <timestamp>2013-07-17T09:47:03.981462+01:00</timestamp>
    <platform>macosx</platform>
  </metadata>
  <config>
    <name>EnhancedSearchAPI-modules</name>
    <package-database-properties>
      <enabled>true</enabled>
      <retired-forest-count>0</retired-forest-count>
      <language>en</language>
      <stemmed-searches>basic</stemmed-searches>
      <word-searches>false</word-searches>
      <word-positions>false</word-positions>
      <fast-phrase-searches>true</fast-phrase-searches>
      <fast-reverse-searches>false</fast-reverse-searches>
      <triple-index>false</triple-index>
      <fast-case-sensitive-searches>true</fast-case-sensitive-searches>
      <fast-diacritic-sensitive-searches>true</fast-diacritic-sensitive-searches>
      <fast-element-word-searches>true</fast-element-word-searches>
      <element-word-positions>false</element-word-positions>
      <fast-element-phrase-searches>true</fast-element-phrase-searches>
      <element-value-positions>false</element-value-positions>
      <attribute-value-positions>false</attribute-value-positions>
      <field-value-searches>false</field-value-searches>
      <field-value-positions>false</field-value-positions>
      <three-character-searches>false</three-character-searches>
      <three-character-word-positions>false</three-character-word-positions>
      <fast-element-character-searches>false</fast-element-character-searches>
      <trailing-wildcard-searches>false</trailing-wildcard-searches>
      <trailing-wildcard-word-positions>false</trailing-wildcard-word-positions>
      <fast-element-trailing-wildcard-searches>false</fast-element-trailing-wildcard-searches>
      <word-lexicons/>
      <two-character-searches>false</two-character-searches>
      <one-character-searches>false</one-character-searches>
      <uri-lexicon>true</uri-lexicon>
      <collection-lexicon>false</collection-lexicon>
      <assignment-policy>
	<assignment-policy-name>bucket</assignment-policy-name>
      </assignment-policy>
      <rebalancer-enable>true</rebalancer-enable>
      <rebalancer-throttle>5</rebalancer-throttle>
      <reindexer-enable>true</reindexer-enable>
      <reindexer-throttle>5</reindexer-throttle>
      <reindexer-timestamp>0</reindexer-timestamp>
      <directory-creation>automatic</directory-creation>
      <maintain-last-modified>true</maintain-last-modified>
      <maintain-directory-last-modified>false</maintain-directory-last-modified>
      <inherit-permissions>false</inherit-permissions>
      <inherit-collections>false</inherit-collections>
      <inherit-quality>false</inherit-quality>
      <in-memory-limit>174080</in-memory-limit>
      <in-memory-list-size>341</in-memory-list-size>
      <in-memory-tree-size>85</in-memory-tree-size>
      <in-memory-range-index-size>11</in-memory-range-index-size>
      <in-memory-reverse-index-size>11</in-memory-reverse-index-size>
      <in-memory-triple-index-size>11</in-memory-triple-index-size>
      <large-size-threshold>1024</large-size-threshold>
      <locking>fast</locking>
      <journaling>fast</journaling>
      <journal-size>682</journal-size>
      <journal-count>2</journal-count>
      <preallocate-journals>false</preallocate-journals>
      <preload-mapped-data>false</preload-mapped-data>
      <preload-replica-mapped-data>false</preload-replica-mapped-data>
      <range-index-optimize>facet-time</range-index-optimize>
      <positions-list-max-size>256</positions-list-max-size>
      <format-compatibility>automatic</format-compatibility>
      <index-detection>automatic</index-detection>
      <expunge-locks>none</expunge-locks>
      <tf-normalization>scaled-log</tf-normalization>
      <merge-priority>lower</merge-priority>
      <merge-max-size>32768</merge-max-size>
      <merge-min-size>1024</merge-min-size>
      <merge-min-ratio>2</merge-min-ratio>
      <merge-timestamp>0</merge-timestamp>
      <merge-blackouts/>
      <database-backups/>
      <fragment-roots/>
      <fragment-parents/>
      <element-word-query-throughs>
	<element-word-query-through>
	  <namespace-uri>http://schemas.microsoft.com/office/word/2003/wordml</namespace-uri>
	  <localname>p</localname>
	</element-word-query-through>
	<element-word-query-through>
	  <namespace-uri>http://schemas.openxmlformats.org/wordprocessingml/2006/main</namespace-uri>
	  <localname>p</localname>
	</element-word-query-through>
      </element-word-query-throughs>
      <phrase-throughs>
	<phrase-through>
	  <namespace-uri>http://www.w3.org/1999/xhtml</namespace-uri>
	  <localname>a</localname>
	</phrase-through>
	<phrase-through>
	  <namespace-uri>http://www.w3.org/1999/xhtml</namespace-uri>
	  <localname>abbr</localname>
	</phrase-through>
	<phrase-through>
	  <namespace-uri>http://www.w3.org/1999/xhtml</namespace-uri>
	  <localname>acronym</localname>
	</phrase-through>
	<phrase-through>
	  <namespace-uri>http://www.w3.org/1999/xhtml</namespace-uri>
	  <localname>b</localname>
	</phrase-through>
	<phrase-through>
	  <namespace-uri>http://www.w3.org/1999/xhtml</namespace-uri>
	  <localname>big</localname>
	</phrase-through>
	<phrase-through>
	  <namespace-uri>http://www.w3.org/1999/xhtml</namespace-uri>
	  <localname>br</localname>
	</phrase-through>
	<phrase-through>
	  <namespace-uri>http://www.w3.org/1999/xhtml</namespace-uri>
	  <localname>center</localname>
	</phrase-through>
	<phrase-through>
	  <namespace-uri>http://www.w3.org/1999/xhtml</namespace-uri>
	  <localname>cite</localname>
	</phrase-through>
	<phrase-through>
	  <namespace-uri>http://www.w3.org/1999/xhtml</namespace-uri>
	  <localname>code</localname>
	</phrase-through>
	<phrase-through>
	  <namespace-uri>http://www.w3.org/1999/xhtml</namespace-uri>
	  <localname>dfn</localname>
	</phrase-through>
	<phrase-through>
	  <namespace-uri>http://www.w3.org/1999/xhtml</namespace-uri>
	  <localname>em</localname>
	</phrase-through>
	<phrase-through>
	  <namespace-uri>http://www.w3.org/1999/xhtml</namespace-uri>
	  <localname>font</localname>
	</phrase-through>
	<phrase-through>
	  <namespace-uri>http://www.w3.org/1999/xhtml</namespace-uri>
	  <localname>i</localname>
	</phrase-through>
	<phrase-through>
	  <namespace-uri>http://www.w3.org/1999/xhtml</namespace-uri>
	  <localname>kbd</localname>
	</phrase-through>
	<phrase-through>
	  <namespace-uri>http://www.w3.org/1999/xhtml</namespace-uri>
	  <localname>q</localname>
	</phrase-through>
	<phrase-through>
	  <namespace-uri>http://www.w3.org/1999/xhtml</namespace-uri>
	  <localname>samp</localname>
	</phrase-through>
	<phrase-through>
	  <namespace-uri>http://www.w3.org/1999/xhtml</namespace-uri>
	  <localname>small</localname>
	</phrase-through>
	<phrase-through>
	  <namespace-uri>http://www.w3.org/1999/xhtml</namespace-uri>
	  <localname>span</localname>
	</phrase-through>
	<phrase-through>
	  <namespace-uri>http://www.w3.org/1999/xhtml</namespace-uri>
	  <localname>strong</localname>
	</phrase-through>
	<phrase-through>
	  <namespace-uri>http://www.w3.org/1999/xhtml</namespace-uri>
	  <localname>sub</localname>
	</phrase-through>
	<phrase-through>
	  <namespace-uri>http://www.w3.org/1999/xhtml</namespace-uri>
	  <localname>sup</localname>
	</phrase-through>
	<phrase-through>
	  <namespace-uri>http://www.w3.org/1999/xhtml</namespace-uri>
	  <localname>tt</localname>
	</phrase-through>
	<phrase-through>
	  <namespace-uri>http://www.w3.org/1999/xhtml</namespace-uri>
	  <localname>var</localname>
	</phrase-through>
	<phrase-through>
	  <namespace-uri>http://schemas.microsoft.com/office/word/2003/wordml</namespace-uri>
	  <localname>br</localname>
	</phrase-through>
	<phrase-through>
	  <namespace-uri>http://schemas.microsoft.com/office/word/2003/wordml</namespace-uri>
	  <localname>cr</localname>
	</phrase-through>
	<phrase-through>
	  <namespace-uri>http://schemas.microsoft.com/office/word/2003/wordml</namespace-uri>
	  <localname>fldChar</localname>
	</phrase-through>
	<phrase-through>
	  <namespace-uri>http://schemas.microsoft.com/office/word/2003/wordml</namespace-uri>
	  <localname>fldData</localname>
	</phrase-through>
	<phrase-through>
	  <namespace-uri>http://schemas.microsoft.com/office/word/2003/wordml</namespace-uri>
	  <localname>fldSimple</localname>
	</phrase-through>
	<phrase-through>
	  <namespace-uri>http://schemas.microsoft.com/office/word/2003/wordml</namespace-uri>
	  <localname>hlink</localname>
	</phrase-through>
	<phrase-through>
	  <namespace-uri>http://schemas.microsoft.com/office/word/2003/wordml</namespace-uri>
	  <localname>noBreakHyphen</localname>
	</phrase-through>
	<phrase-through>
	  <namespace-uri>http://schemas.microsoft.com/office/word/2003/wordml</namespace-uri>
	  <localname>permEnd</localname>
	</phrase-through>
	<phrase-through>
	  <namespace-uri>http://schemas.microsoft.com/office/word/2003/wordml</namespace-uri>
	  <localname>permStart</localname>
	</phrase-through>
	<phrase-through>
	  <namespace-uri>http://schemas.microsoft.com/office/word/2003/wordml</namespace-uri>
	  <localname>pgNum</localname>
	</phrase-through>
	<phrase-through>
	  <namespace-uri>http://schemas.microsoft.com/office/word/2003/wordml</namespace-uri>
	  <localname>proofErr</localname>
	</phrase-through>
	<phrase-through>
	  <namespace-uri>http://schemas.microsoft.com/office/word/2003/wordml</namespace-uri>
	  <localname>r</localname>
	</phrase-through>
	<phrase-through>
	  <namespace-uri>http://schemas.microsoft.com/office/word/2003/wordml</namespace-uri>
	  <localname>softHyphen</localname>
	</phrase-through>
	<phrase-through>
	  <namespace-uri>http://schemas.microsoft.com/office/word/2003/wordml</namespace-uri>
	  <localname>sym</localname>
	</phrase-through>
	<phrase-through>
	  <namespace-uri>http://schemas.microsoft.com/office/word/2003/wordml</namespace-uri>
	  <localname>t</localname>
	</phrase-through>
	<phrase-through>
	  <namespace-uri>http://schemas.microsoft.com/office/word/2003/wordml</namespace-uri>
	  <localname>tab</localname>
	</phrase-through>
	<phrase-through>
	  <namespace-uri>http://schemas.microsoft.com/office/word/2003/auxHint</namespace-uri>
	  <localname>t</localname>
	</phrase-through>
	<phrase-through>
	  <namespace-uri>http://schemas.openxmlformats.org/wordprocessingml/2006/main</namespace-uri>
	  <localname>r</localname>
	</phrase-through>
	<phrase-through>
	  <namespace-uri>http://schemas.openxmlformats.org/wordprocessingml/2006/main</namespace-uri>
	  <localname>t</localname>
	</phrase-through>
	<phrase-through>
	  <namespace-uri>http://schemas.openxmlformats.org/wordprocessingml/2006/main</namespace-uri>
	  <localname>endnoteReference</localname>
	</phrase-through>
	<phrase-through>
	  <namespace-uri>http://schemas.openxmlformats.org/wordprocessingml/2006/main</namespace-uri>
	  <localname>footnoteReference</localname>
	</phrase-through>
	<phrase-through>
	  <namespace-uri>http://schemas.openxmlformats.org/wordprocessingml/2006/main</namespace-uri>
	  <localname>customXml</localname>
	</phrase-through>
	<phrase-through>
	  <namespace-uri>http://schemas.openxmlformats.org/wordprocessingml/2006/main</namespace-uri>
	  <localname>hyperlink</localname>
	</phrase-through>
	<phrase-through>
	  <namespace-uri>http://schemas.openxmlformats.org/wordprocessingml/2006/main</namespace-uri>
	  <localname>sdt</localname>
	</phrase-through>
	<phrase-through>
	  <namespace-uri>http://schemas.openxmlformats.org/wordprocessingml/2006/main</namespace-uri>
	  <localname>sdtContent</localname>
	</phrase-through>
	<phrase-through>
	  <namespace-uri>http://schemas.openxmlformats.org/wordprocessingml/2006/main</namespace-uri>
	  <localname>commentRangeEnd</localname>
	</phrase-through>
	<phrase-through>
	  <namespace-uri>http://schemas.openxmlformats.org/wordprocessingml/2006/main</namespace-uri>
	  <localname>commentRangeStart</localname>
	</phrase-through>
	<phrase-through>
	  <namespace-uri>http://schemas.openxmlformats.org/wordprocessingml/2006/main</namespace-uri>
	  <localname>bookmarkStart</localname>
	</phrase-through>
	<phrase-through>
	  <namespace-uri>http://schemas.openxmlformats.org/wordprocessingml/2006/main</namespace-uri>
	  <localname>bookmarkEnd</localname>
	</phrase-through>
	<phrase-through>
	  <namespace-uri>http://schemas.openxmlformats.org/wordprocessingml/2006/main</namespace-uri>
	  <localname>fldSimple</localname>
	</phrase-through>
	<phrase-through>
	  <namespace-uri>http://schemas.openxmlformats.org/wordprocessingml/2006/main</namespace-uri>
	  <localname>instrText</localname>
	</phrase-through>
	<phrase-through>
	  <namespace-uri>http://schemas.openxmlformats.org/wordprocessingml/2006/main</namespace-uri>
	  <localname>smartTag</localname>
	</phrase-through>
	<phrase-through>
	  <namespace-uri>http://schemas.openxmlformats.org/wordprocessingml/2006/main</namespace-uri>
	  <localname>ins</localname>
	</phrase-through>
	<phrase-through>
	  <namespace-uri>http://schemas.openxmlformats.org/wordprocessingml/2006/main</namespace-uri>
	  <localname>proofErr</localname>
	</phrase-through>
	<phrase-through>
	  <namespace-uri>http://marklogic.com/entity</namespace-uri>
	  <localname>person</localname>
	</phrase-through>
	<phrase-through>
	  <namespace-uri>http://marklogic.com/entity</namespace-uri>
	  <localname>organization</localname>
	</phrase-through>
	<phrase-through>
	  <namespace-uri>http://marklogic.com/entity</namespace-uri>
	  <localname>location</localname>
	</phrase-through>
	<phrase-through>
	  <namespace-uri>http://marklogic.com/entity</namespace-uri>
	  <localname>gpe</localname>
	</phrase-through>
	<phrase-through>
	  <namespace-uri>http://marklogic.com/entity</namespace-uri>
	  <localname>facility</localname>
	</phrase-through>
	<phrase-through>
	  <namespace-uri>http://marklogic.com/entity</namespace-uri>
	  <localname>religion</localname>
	</phrase-through>
	<phrase-through>
	  <namespace-uri>http://marklogic.com/entity</namespace-uri>
	  <localname>nationality</localname>
	</phrase-through>
	<phrase-through>
	  <namespace-uri>http://marklogic.com/entity</namespace-uri>
	  <localname>credit-card-number</localname>
	</phrase-through>
	<phrase-through>
	  <namespace-uri>http://marklogic.com/entity</namespace-uri>
	  <localname>email</localname>
	</phrase-through>
	<phrase-through>
	  <namespace-uri>http://marklogic.com/entity</namespace-uri>
	  <localname>coordinate</localname>
	</phrase-through>
	<phrase-through>
	  <namespace-uri>http://marklogic.com/entity</namespace-uri>
	  <localname>money</localname>
	</phrase-through>
	<phrase-through>
	  <namespace-uri>http://marklogic.com/entity</namespace-uri>
	  <localname>percent</localname>
	</phrase-through>
	<phrase-through>
	  <namespace-uri>http://marklogic.com/entity</namespace-uri>
	  <localname>id</localname>
	</phrase-through>
	<phrase-through>
	  <namespace-uri>http://marklogic.com/entity</namespace-uri>
	  <localname>phone-number</localname>
	</phrase-through>
	<phrase-through>
	  <namespace-uri>http://marklogic.com/entity</namespace-uri>
	  <localname>url</localname>
	</phrase-through>
	<phrase-through>
	  <namespace-uri>http://marklogic.com/entity</namespace-uri>
	  <localname>utm</localname>
	</phrase-through>
	<phrase-through>
	  <namespace-uri>http://marklogic.com/entity</namespace-uri>
	  <localname>date</localname>
	</phrase-through>
	<phrase-through>
	  <namespace-uri>http://marklogic.com/entity</namespace-uri>
	  <localname>time</localname>
	</phrase-through>
      </phrase-throughs>
      <phrase-arounds>
	<phrase-around>
	  <namespace-uri>http://schemas.microsoft.com/office/word/2003/wordml</namespace-uri>
	  <localname>delInstrText</localname>
	</phrase-around>
	<phrase-around>
	  <namespace-uri>http://schemas.microsoft.com/office/word/2003/wordml</namespace-uri>
	  <localname>delText</localname>
	</phrase-around>
	<phrase-around>
	  <namespace-uri>http://schemas.microsoft.com/office/word/2003/wordml</namespace-uri>
	  <localname>endnote</localname>
	</phrase-around>
	<phrase-around>
	  <namespace-uri>http://schemas.microsoft.com/office/word/2003/wordml</namespace-uri>
	  <localname>footnote</localname>
	</phrase-around>
	<phrase-around>
	  <namespace-uri>http://schemas.microsoft.com/office/word/2003/wordml</namespace-uri>
	  <localname>instrText</localname>
	</phrase-around>
	<phrase-around>
	  <namespace-uri>http://schemas.microsoft.com/office/word/2003/wordml</namespace-uri>
	  <localname>pict</localname>
	</phrase-around>
	<phrase-around>
	  <namespace-uri>http://schemas.microsoft.com/office/word/2003/wordml</namespace-uri>
	  <localname>rPr</localname>
	</phrase-around>
	<phrase-around>
	  <namespace-uri>http://schemas.openxmlformats.org/wordprocessingml/2006/main</namespace-uri>
	  <localname>pPr</localname>
	</phrase-around>
	<phrase-around>
	  <namespace-uri>http://schemas.openxmlformats.org/wordprocessingml/2006/main</namespace-uri>
	  <localname>rPr</localname>
	</phrase-around>
	<phrase-around>
	  <namespace-uri>http://schemas.openxmlformats.org/wordprocessingml/2006/main</namespace-uri>
	  <localname>customXmlPr</localname>
	</phrase-around>
	<phrase-around>
	  <namespace-uri>http://schemas.openxmlformats.org/wordprocessingml/2006/main</namespace-uri>
	  <localname>sdtPr</localname>
	</phrase-around>
	<phrase-around>
	  <namespace-uri>http://schemas.openxmlformats.org/wordprocessingml/2006/main</namespace-uri>
	  <localname>commentReference</localname>
	</phrase-around>
	<phrase-around>
	  <namespace-uri>http://schemas.openxmlformats.org/wordprocessingml/2006/main</namespace-uri>
	  <localname>del</localname>
	</phrase-around>
      </phrase-arounds>
      <range-element-indexes>
	<range-element-index>
	  <scalar-type>dateTime</scalar-type>
	  <namespace-uri>http://marklogic.com/xdmp/dls</namespace-uri>
	  <localname>created</localname>
	  <collation/>
	  <range-value-positions>false</range-value-positions>
	  <invalid-values>reject</invalid-values>
	</range-element-index>
	<range-element-index>
	  <scalar-type>dateTime</scalar-type>
	  <namespace-uri>http://marklogic.com/xdmp/dls</namespace-uri>
	  <localname>replaced</localname>
	  <collation/>
	  <range-value-positions>false</range-value-positions>
	  <invalid-values>reject</invalid-values>
	</range-element-index>
	<range-element-index>
	  <scalar-type>unsignedLong</scalar-type>
	  <namespace-uri>http://marklogic.com/xdmp/dls</namespace-uri>
	  <localname>version-id</localname>
	  <collation/>
	  <range-value-positions>false</range-value-positions>
	  <invalid-values>reject</invalid-values>
	</range-element-index>
      </range-element-indexes>
      <range-element-attribute-indexes/>
      <element-word-lexicons/>
      <element-attribute-word-lexicons/>
      <path-namespaces/>
      <range-path-indexes/>
      <fields>
	<field>
	  <field-name/>
	  <include-root>true</include-root>
	  <included-elements/>
	  <excluded-elements/>
	  <tokenizer-overrides/>
	</field>
      </fields>
      <range-field-indexes/>
      <geospatial-element-indexes/>
      <geospatial-element-child-indexes/>
      <geospatial-element-pair-indexes/>
      <geospatial-element-attribute-pair-indexes/>
      <geospatial-path-indexes/>
      <database-replication/>
    </package-database-properties>
    <links>
      <forests-list>
	<forest-name>EnhancedSearchAPI-modules-1</forest-name>
      </forests-list>
      <security-database>Security</security-database>
      <schema-database>App-Services</schema-database>
    </links>
  </config>
</package-database>
